{
  "tests": [
    {
      "name": "Step 0 Welcome",
      "setup": "sleep 20",
      "run": "[ $(cat .github/steps/-step.txt) -ge 1 ] || [ $(cat .github/steps/-step.txt) = X ]",
      "input": "",
      "output": "",
      "comparison": "included",
      "timeout": 10,
      "points": 1
    },
    {
      "name": "Step 1 Copilot Extension",
      "setup": "sleep 20",
      "run": "[ $(cat .github/steps/-step.txt) -ge 1 ] || [ $(cat .github/steps/-step.txt) = X ]",
      "input": "",
      "output": "",
      "comparison": "included",
      "timeout": 10,
      "points": 1
    },
    {
      "name": "Step 2 javascript",
      "setup": "sleep 20",
      "run": "[ $(cat .github/steps/-step.txt) -ge 2 ] || [ $(cat .github/steps/-step.txt) = X ]",
      "input": "",
      "output": "",
      "comparison": "included",
      "timeout": 10,
      "points": 1
    },
    {
      "name": "Step 3 Copilot Hub",
      "setup": "sleep 20",
      "run": "[ $(cat .github/steps/-step.txt) -ge 3 ] || [ $(cat .github/steps/-step.txt) = X ]",
      "input": "",
      "output": "",
      "comparison": "included",
      "timeout": 10,
      "points": 1
    },
    {
      "name": "Step 4 Copilot comment",
      "setup": "sleep 20",
      "run": "[ $(cat .github/steps/-step.txt) -ge 4 ] || [ $(cat .github/steps/-step.txt) = X ]",
      "input": "",
      "output": "",
      "comparison": "included",
      "timeout": 10,
      "points": 1
    },
    {
      "name": "Step 5 finish",
      "setup": "sleep 20",
      "run": "[ $(cat .github/steps/-step.txt) -ge 5 ] || [ $(cat .github/steps/-step.txt) = X ]",
      "input": "",
      "output": "",
      "comparison": "included",
      "timeout": 10,
      "points": 1
    }
  ]
}